,,Taux d'emploi (%) 2014 ,Part des jeunes diplômés (%)2014 ,Se rendent au travail en voiture (%)2014 , Se rendent au travail  en transport en commun (%)2014 , Se rendent au travail  par un autre moyen (%)2014 ,Poids de l'économie sociale et solidaire dans les emplois salariés du territoire (%)2014 
01,Ain,"69,1483652993541","39,866711818706","81,6811033856026","6,22950597036007","12,0893906440374","11,5215844739763"
02,Aisne,"58,7847475507915","29,6690900135193","79,377293717334","5,41068216403466","15,2120241186313","11,1115822203378"
03,Allier,"61,9820598624406","32,2597639449621","79,5996011380355","3,10315591925083","17,2972429427141","11,7664378832799"
04,Alpes-de-Haute-Provence,"62,710589279328","36,6944625025352","79,9170327006915","2,8713027722404","17,2116645270682","13,2068311195446"
05,Hautes-Alpes,"67,4620637477298","38,7429973574178","74,8955793904116","3,87000239972298","21,2344182098659","14,1275710142361"
06,Alpes-Maritimes,"64,0005902641776","43,5342529690792","64,7740788919024","13,1325242628901","22,0933968452076","7,90275026674873"
07,Ardèche,"63,1553064562157","36,603709904978","83,9665952620695","2,37199870414583","13,6614060337847","15,964282733873"
08,Ardennes,"58,9484822133322","31,3230679076381","80,745483206782","3,01998062097106","16,2345361722469","11,4868905396606"
09,Ariège,"61,1331170422465","33,9624158840998","82,0423288629145","2,26991085913251","15,6877602779526","13,4580416967644"
10,Aube,"60,9153441037751","33,6657850398714","79,3500784489523","4,66215433187752","15,9877672191698","11,546662646191"
11,Aude,"57,5796877011909","32,3289339558227","81,0224789346573","2,52594226671084","16,451578798632","13,1509997208084"
12,Aveyron,"67,347671850942","41,3388539395057","78,1115860994295","1,65946503003709","20,2289488705335","17,2909381496569"
13,Bouches-du-Rhône,"59,0186148852868","42,8999097118135","70,2813756054984","14,241026548497","15,4775978460045","10,1129931131136"
14,Calvados,"62,9819807583412","38,4173779972831","79,8512498511758","5,59797480341993","14,5507753454042","12,0729970869094"
15,Cantal,"68,0583674708451","36,6764223822486","76,7375765585534","1,35876279592469","21,9036606455209","16,3516330785268"
16,Charente,"63,7973602329559","34,2476466229119","83,4478815489826","3,01944271047528","13,5326757405419","11,8641745231309"
17,Charente-Maritime,"61,8246706020401","35,0424355147783","81,538453237156","3,18596328679831","15,2755834760456","12,3436625767911"
18,Cher,"62,7726567193848","34,8040057772022","81,0437523104863","3,52741934633114","15,4288283431828","10,785251899803"
19,Corrèze,"65,7777635530195","36,1370103592382","83,4709743664273","1,90179833947704","14,6272272940962","13,1139403533721"
2A,Corse-du-Sud,"63,6169862096768","30,4363035864606","79,6046325603002","2,63894264473773","17,7564247949616","7,13386650142329"
2B,Haute-Corse,"59,0660421234945","31,7550908256812","81,318706053104","2,22530574917856","16,4559881977167","9,18973706699525"
21,Côte-d'Or,"65,2200077330786","43,6440159948551","72,2029466984881","11,2475507597503","16,5495025417607","11,5211651875327"
22,Côtes-d'Armor,"64,1188012021865","38,4055503601606","83,7133828700321","2,35815162341839","13,9284655065497","17,0205216501082"
23,Creuse,"63,2730385490441","32,7148857153446","78,5718977160897","1,4812115464705","19,94689073744","16,9818075308361"
24,Dordogne,"61,8128986159066","31,1138978059001","82,5989629910221","1,99007217607791","15,4109648329001","11,532902719292"
25,Doubs,"65,038500097627","41,021210649439","78,5161569311656","6,69781018370876","14,7860328851257","12,2649818760798"
26,Drôme,"63,7012871482517","38,8619358841142","81,2846126214906","4,3057963259729","14,4095910525366","12,8637527980984"
27,Eure,"64,7000002819292","32,6872360531651","81,75528558722","5,90729688427118","12,3374175285089","9,04380682787512"
28,Eure-et-Loir,"66,4688793693767","35,5694175249561","76,3734544630453","10,1019995287339","13,524546008221","9,90699456313529"
29,Finistère,"63,2108562499979","43,1733112451759","82,266775903621","4,89357644291238","12,8396476534668","15,7102393274605"
30,Gard,"58,2281204228956","36,0978074906307","81,6623659301883","4,14608720918209","14,1915468606294","11,7735504710353"
31,Haute-Garonne,"64,9032002246138","55,4619438590255","73,3683922635237","13,0708868447332","13,5607208917434","8,63867012346329"
32,Gers,"66,6882900804573","39,0224565139621","82,7757243515618","1,62447443869363","15,5998012097446","14,0179027128892"
33,Gironde,"63,5383580043405","45,1922556223535","75,0083402527814","11,0516752613572","13,9399844858606","9,81073554425661"
34,Hérault,"57,6565109514421","43,514919545801","75,004615790605","8,65871273906173","16,3366714703313","11,125549780088"
35,Ille-et-Vilaine,"65,8235645420071","48,9919644538695","75,4316955758742","10,1229153432612","14,4453890808652","12,4022188571473"
36,Indre,"63,8488422256539","31,1793426237503","80,1284257628483","2,81347360249618","17,0581006346551","11,5198878783724"
37,Indre-et-Loire,"64,4366724386029","43,9799670360295","76,0944638933824","8,64604787036859","15,2594882362512","11,4386198278816"
38,Isère,"65,9804273465752","46,5122479438577","74,1662394115106","11,3940299197564","14,439730668733","9,9779727263171"
39,Jura,"67,1655007618855","35,9262491003966","81,9058415292962","2,49481731581129","15,5993411548927","12,0726604755587"
40,Landes,"64,1494079175799","36,0030497145705","85,7863668600168","1,8848287958113","12,3288043441722","10,3279248812779"
41,Loir-et-Cher,"65,4604653757636","34,4040290209161","81,8062988488834","3,86307130189803","14,3306298492183","9,87755424218804"
42,Loire,"62,3949859532924","39,2333774201609","78,8760317636472","7,70886314242472","13,4151050939277","13,5055189307518"
43,Haute-Loire,"66,190768867619","38,3930708302119","82,0248951745477","1,77320598569831","16,2018988397542","18,4388979340215"
44,Loire-Atlantique,"65,9553255797331","49,5298112603014","75,1706787584014","11,3428871834807","13,4864340581182","12,7231420292601"
45,Loiret,"65,2090838023319","40,6646195545443","77,4887322898556","9,02953455683682","13,4817331533078","9,84665762926709"
46,Lot,"64,2766032759059","38,1559562233288","81,6579329663933","1,87229402955171","16,4697730040548","15,6476578411405"
47,Lot-et-Garonne,"62,5572487849729","32,0261228667467","82,7495857315681","1,97974252392121","15,2706717445112","14,6694085471513"
48,Lozère,"65,8022448420963","42,334772075137","75,9747941387945","1,5009151834394","22,524290677766","27,9628640676991"
49,Maine-et-Loire,"65,6004653237406","40,5308854266889","79,2021018651982","5,5528525712623","15,2450455635403","15,0254964805007"
50,Manche,"65,0268543966679","33,661758262041","81,6878809905847","2,7393707366377","15,5727482727777","13,4684932980197"
51,Marne,"62,8852679321115","39,8507348630043","75,1517549165773","7,63945542033396","17,208789663087","12,2348430921922"
52,Haute-Marne,"62,1947241077092","29,9982582943435","79,1899605992372","2,29931748991257","18,5107219108507","9,91369648060973"
53,Mayenne,"68,8369099495512","36,902796836362","80,5964135385765","2,41667960224797","16,9869068591759","12,4868637598398"
54,Meurthe-et-Moselle,"61,1940778242629","41,2301866191009","76,6559304298576","10,1074829391915","13,2365866309507","12,5278624391575"
55,Meuse,"62,643880048001","30,8279271544191","80,6777666654452","2,37569326945063","16,9465400651041","12,4330472546789"
56,Morbihan,"63,4801198397922","38,888464038042","83,1274609137892","3,34471402824308","13,5278250579676","13,8091740915746"
57,Moselle,"61,8205339669949","38,8552538700712","81,6458191459654","7,593252359716","10,7609284943181","11,9678741850931"
58,Nièvre,"60,0074724213899","31,631358119376","79,2239906326658","3,01587429589686","17,7601350714369","12,3349264767107"
59,Nord,"57,4584113890177","42,371044796123","74,8862223253128","11,5405489714126","13,5732287032739","11,1893789970045"
60,Oise,"64,0794396716884","35,730429799199","77,2372757840462","10,7104411460112","12,0522830699424","10,4405267261544"
61,Orne,"62,598145492858","30,4837233648202","80,7253142187127","2,17408562282583","17,1006001584617","15,2740183499139"
62,Pas-de-Calais,"56,8442106486842","32,4766873976621","82,4178599917965","4,67394294029177","12,9081970679115","12,1996200114384"
63,Puy-de-Dôme,"64,1363257580005","44,4082101624826","77,9322471262746","7,01465736339849","15,0530955103271","10,4599327790554"
64,Pyrénées-Atlantiques,"65,120031841162","45,4009271759991","82,802711388464","3,84720183857909","13,3500867729569","13,0955923377348"
65,Hautes-Pyrénées,"62,4742024410068","36,2255338423072","82,8672757837785","1,8951745067628","15,2375497094586","13,8894220122536"
66,Pyrénées-Orientales,"55,8279047206137","33,5153476912065","80,7124597876987","3,55718453818364","15,7303556741174","13,0174387880923"
67,Bas-Rhin,"65,0354611039873","43,6923778688","70,3745848617801","12,9100413562314","16,7153737819889","9,8977812239347"
68,Haut-Rhin,"64,3677424045119","37,252465208201","78,9677111232789","7,64010802634717","13,3921808503737","12,4258272151262"
69,Rhône,"64,498291637695","53,574144413051","60,5375878067978","23,2736710315505","16,1887411616473","10,0375897313403"
70,Haute-Saône,"64,3073193464941","32,3085188034997","83,5669681680849","2,99611543188901","13,4369164000263","16,2775552733548"
71,Saône-et-Loire,"64,4477844553686","34,6466037483733","81,5743991632306","3,04746785922074","15,3781329775489","10,415380230846"
72,Sarthe,"64,5255157349463","35,7948879757435","77,922254675426","7,10569252144365","14,9720528031295","11,3807829987766"
73,Savoie,"69,3174529434292","43,8602812710366","75,7837595948697","6,77361732850417","17,442623076627","9,54586739327884"
74,Haute-Savoie,"71,4237836859834","46,1733190809675","78,2336863282964","6,53211119528907","15,2342024764144","9,82699239086904"
75,Paris,"68,0822410500609","76,5422218091292","12,3447085049668","64,2700268475122","23,385264647526","8,96713365196695"
76,Seine-Maritime,"61,2294788392048","37,8119389627951","76,006594783242","9,967204131904","14,0262010848537","9,64664188979277"
77,Seine-et-Marne,"67,7139339617466","40,8976619240345","63,2170190508927","26,4771968598995","10,3057840892079","6,99984537459177"
78,Yvelines,"68,3597208761129","53,333061378251","56,1161667703452","30,9779213417692","12,9059118878856","6,75419020457968"
79,Deux-Sèvres,"67,3100588988632","37,1355477531271","83,2077752996339","2,33152702330004","14,4606976770661","18,0317215817469"
80,Somme,"59,3873536069301","36,4399178272715","77,5626699655148","6,18495535610656","16,252374678378","10,4135683849946"
81,Tarn,"62,5461944257672","38,6273894525584","82,8378200687454","3,02591925124996","14,1362606800045","17,1154648578887"
82,Tarn-et-Garonne,"63,3107075351412","32,5109214217066","83,2576772559594","2,57091882605346","14,1714039179875","14,3149095714439"
83,Var,"60,6815365628807","35,3271161901526","77,6288415238143","5,52346355029272","16,847694925892","10,6319083149729"
84,Vaucluse,"59,9804428904636","34,7427068835878","81,575540642982","3,5911352266858","14,8333241303318","10,5077035368938"
85,Vendée,"67,0135841005628","35,5821958093599","85,3332267223621","1,56897250493231","13,0978007727057","13,5088547815821"
86,Vienne,"63,385486335634","41,9667500819046","82,1204591083853","4,71402241927362","13,165518472341","11,9298073141958"
87,Haute-Vienne,"62,4037454090349","41,062338747764","81,9462084596363","4,83767071825299","13,2161208221119","11,5587279675426"
88,Vosges,"61,3133484045974","32,797511611551","82,408393290088","2,58784276277628","15,0037639471356","10,8192147064724"
89,Yonne,"63,0313418549351","30,2428266301267","79,0199833086597","5,14432714363092","15,8356895477093","10,7858305777185"
90,Territoire de Belfort,"61,0153341381568","41,1704851765782","76,6208023806036","8,4163878165078","14,9628098028879","11,0597063020761"
91,Essonne,"67,3686141327114","45,9112602101464","60,8885445561616","28,0753135493858","11,0361418944524","7,16282940879421"
92,Hauts-de-Seine,"69,6886530464727","66,7910331476943","33,689957672673","45,7863765437281","20,523665783599","4,91025148164363"
93,Seine-Saint-Denis,"59,4651188962915","37,1484987731543","36,3455532366321","50,3382073233569","13,3162394400102","5,72669939290857"
94,Val-de-Marne,"66,1307741797865","52,0074203587492","38,9802860311846","46,387605909976","14,6321080588392","7,40187671834836"
95,Val-d'Oise,"64,6818434862952","42,199063884804","53,9478367703068","35,1607960984619","10,8913671312308","6,92746672926763"
971,Guadeloupe,"49,1713280039284","31,9370811063827","82,7332233665856","6,05187773129198","11,2148989021224","10,7801733718604"
972,Martinique,"52,4415436424695","35,2804562327839","82,1302506643067","8,38589951507305","9,48384982062025","10,5295735900963"
973,Guyane,"41,1674748695039","19,4101435913573","72,0766384112761","2,71777157422848","25,2055900144923","7,87844163503004"
974,La Réunion,"44,7716218876845","27,6677237213505","78,0054679332608","5,55126758748438","16,4432644792566","11,1487949824142"
976,Mayotte,NA,NA,NA,NA,NA,NA
